<!DOCTYPE html>
<html xmlns="http://www.w3.org/1999/xhtml"><head><title>http://xml.habereditoru.com/wp.ebiron.com/S1YDB81R9GNNW6X4/?HEID=2124&amp;a=13,14,19&amp;c=43,40,34,45,39,35,42,41,33,38,36,32,44,37,46,47,48,49,50,51,52,53,54,55,56,58,410,406,407,411,408,409,405,413,412,105,106,107,108,109,110,111,112&amp;l=tr&amp;t=0&amp;t1=&amp;t2=&amp;s=</title><link href="sample_dosyalar/viewsource.css" type="text/css" rel="stylesheet"/></head><body style="-moz-tab-size: 4" class="highlight" id="viewsource" contextmenu="actions"><pre id="line1"><span/><span class="pi">&lt;?xml version="1.0" encoding="utf-8"?&gt;</span><span>
<span id="line2"/></span><span>&lt;<span class="start-tag">rss</span>  <span class="attribute-name">version</span>="<a class="attribute-value">2.0</a>" <span class="attribute-name">xmlns:content</span>="<a class="attribute-value">http://purl.org/rss/1.0/modules/content/</a>"&gt;</span><span>
<span id="line3"/>	</span><span>&lt;<span class="start-tag">channel</span>&gt;</span><span>
<span id="line4"/>		</span><span>&lt;<span class="start-tag">title</span>&gt;</span><span>HaberEditoru.com</span><span>&lt;/<span class="end-tag">title</span>&gt;</span><span>
<span id="line5"/>		</span><span>&lt;<span class="start-tag">link</span>&gt;</span><span>http://www.habereditoru.com</span><span>&lt;/<span class="end-tag">link</span>&gt;</span><span>
<span id="line6"/>		</span><span>&lt;<span class="start-tag">image</span>&gt;</span><span/><span>&lt;<span class="start-tag">title</span>&gt;</span><span>HaberEditoru.com</span><span>&lt;/<span class="end-tag">title</span>&gt;</span><span> </span><span>&lt;<span class="start-tag">url</span>&gt;</span><span>http://www.HaberEditoru.com/img/logo.png</span><span>&lt;/<span class="end-tag">url</span>&gt;</span><span> </span><span>&lt;<span class="start-tag">link</span>&gt;</span><span>http://www.HaberEditoru.com</span><span>&lt;/<span class="end-tag">link</span>&gt;</span><span/><span>&lt;/<span class="end-tag">image</span>&gt;</span><span>
<span id="line7"/>		</span><span>&lt;<span class="start-tag">description</span>&gt;</span><span>HaberEditoru.com XML Formatinda Haberler...</span><span>&lt;/<span class="end-tag">description</span>&gt;</span><span>
<span id="line8"/>		</span><span>&lt;<span class="start-tag">info</span> <span class="attribute-name">domain</span>="<a class="attribute-value">wp.ebiron.com</a>" <span class="attribute-name">contentType</span>="<a class="attribute-value"/>" <span class="attribute-name">tags1</span>="<a class="attribute-value"/>" <span class="attribute-name">tags2</span>="<a class="attribute-value"/>" <span class="attribute-name">categories</span>="<a class="attribute-value">43,40,34,45,39,35,42,41,33,38,36,32,44,37,46,47,48,49,50,51,52,53,54,55,56,58,410,406,407,411,408,409,405,413,412,105,106,107,108,109,110,111,112</a>" <span class="attribute-name">agencies</span>="<a class="attribute-value">13,14,19</a>" <span class="attribute-name">language</span>="<a class="attribute-value"/>" <span class="attribute-name">spinner</span>="<a class="attribute-value"/>" <span class="attribute-name">endDate</span>="<a class="attribute-value">2016-12-25 00:00:00</a>" <span class="attribute-name">serverTime</span>="<a class="attribute-value">2016-04-22 11:20:26</a>"&gt;</span><span/><span>&lt;/<span class="end-tag">info</span>&gt;</span><span>
<span id="line9"/></span><span>&lt;<span class="start-tag">item</span> <span class="attribute-name">id</span>="<a class="attribute-value">3110456</a>" <span class="attribute-name">status</span>="<a class="attribute-value">1</a>" <span class="attribute-name">lang</span>="<a class="attribute-value">tr</a>" <span class="attribute-name">editorID</span>="<a class="attribute-value">26</a>" <span class="attribute-name">type</span>="<a class="attribute-value">1</a>" <span class="attribute-name">agencyID</span>="<a class="attribute-value">13</a>" <span class="attribute-name">agencyName</span>="<a class="attribute-value">AA</a>" &gt;</span><span>
<span id="line10"/>	</span><span>&lt;<span class="start-tag">title</span> <span class="attribute-name">url</span>="<a class="attribute-value">fetullah-gulen-e-cumhurbaskani-na-hakaret-ve-tehdit-sucundan-dava</a>"&gt;</span><span/><span class="cdata">&lt;![CDATA[Fetullah Gülen'e 'Cumhurbaşkanı'na hakaret ve tehdit' suçundan dava]]&gt;</span><span/><span>&lt;/<span class="end-tag">title</span>&gt;</span><span>
<span id="line11"/>	</span><span>&lt;<span class="start-tag">description</span>&gt;</span><span/><span class="cdata">&lt;![CDATA[Fetullah Gülen hakkında Samanyolu Televizyonu'nda yayınlanan bir programda yaptığı konuşmasında, Cumhurbaşkanı Recep Tayyip Erdoğan'a "hakaret ve tehditte" bulunduğu iddiasıyla 6 yıla kadar hapis cezası istemiyle dava açıldı.]]&gt;</span><span/><span>&lt;/<span class="end-tag">description</span>&gt;</span><span>
<span id="line12"/>	</span><span>&lt;<span class="start-tag">content:encoded</span>&gt;</span><span/><span class="cdata">&lt;![CDATA[&lt;p&gt;Fetullah Gülen&lt;span&gt; hakkında &lt;/span&gt;Samanyolu Televizyonu&lt;span&gt;'nda yayınlanan bir programda yaptığı konuşmasında, Cumhurbaşkanı Recep Tayyip Erdoğan'a 'hakaret ve tehditte' bulunduğu iddiasıyla 6 yıla kadar hapis cezası istemiyle dava açıldı.&lt;/span&gt;&lt;br&gt;&lt;/p&gt;&lt;p&gt;Anadolu Cumhuriyet Başsavcılığı Basın Suçları Soruşturma Bürosunca hazırlanan iddianamede, Cumhurbaşkanı Recep Tayyip Erdoğan mağdur olarak yer aldı.&lt;/p&gt;&lt;p&gt;İddianamede, şikayetçi olarak yer alan Mehmet Gözde'nin, Başbakanlık İletişim Merkezi'ne yaptığı ihbarda, Fetullah Gülen'in 8 Haziran 2015 tarihinde Samanyolu Televizyonu'nda yayınlanan 'Tarih şuuru ve sulh ruhu' adlı programda, Cumhurbaşkanı Erdoğan'a yönelik tehdit unsurları içeren söylemlerde bulunduğu gerekçesiyle şikayetçi olduğu anlatıldı.&lt;/p&gt;&lt;p&gt;Soruşturma kapsamında, Radyo ve Televizyon Üst Kurulu'ndan talep edilen televizyon programının görüntü kayıtlarının bilirkişi tarafından çözümünün yapıldığı belirtildi. &lt;/p&gt;&lt;p&gt;Soruşturma dosyasına yansıyan bütün bilgi ve belgeler kapsamında şüpheli Gülen'in, Cumhurbaşkanı Recep Tayyip Erdoğan'a yönelik sarf ettiği sözlerle üzerine atılı 'Cumhurbaşkanına hakaret' ve 'tehdit' suçunu işlediğinin anlaşıldığı belirtilerek, Gülen'in 1 yıl 6 aydan 6 yıla kadar hapisle cezalandırılması talep edildi.&lt;/p&gt;&lt;p&gt;İddianame, gönderildiği asliye ceza mahkemesince kabul edildi. Gülen'in yargılanmasına ilerleyen günlerde başlanacak.&lt;/p&gt;]]&gt;</span><span/><span>&lt;/<span class="end-tag">content:encoded</span>&gt;</span><span>
<span id="line13"/>	</span><span>&lt;<span class="start-tag">tags</span>&gt;</span><span/><span class="cdata">&lt;![CDATA[Fetullah Gülen,Cumhurbaşkan,Hakaret,Dava]]&gt;</span><span/><span>&lt;/<span class="end-tag">tags</span>&gt;</span><span>	
<span id="line14"/>	</span><span>&lt;<span class="start-tag">image</span>&gt;</span><span>http://aa.com.tr/uploads/Contents/2016/04/22/thumbs_b_c_16df4a642ca51ff4f5c4c59952e6488e.jpg</span><span>&lt;/<span class="end-tag">image</span>&gt;</span><span>
<span id="line15"/>	</span><span>&lt;<span class="start-tag">pubDate</span> <span class="attribute-name">update</span>="<a class="attribute-value">2016-04-22 11:02:12</a>"&gt;</span><span>2016-04-22 11:00:46</span><span>&lt;/<span class="end-tag">pubDate</span>&gt;</span><span>
<span id="line16"/>	</span><span>&lt;<span class="start-tag">guid</span>&gt;</span><span>http://www.aa.com.tr/tr/turkiye/fetullah-gulene-cumhurbaskanina-hakaret-ve-tehdit-sucundan-dava/559448</span><span>&lt;/<span class="end-tag">guid</span>&gt;</span><span>
<span id="line17"/>	</span><span>&lt;<span class="start-tag">category</span> <span class="attribute-name">remoteId</span>="<a class="attribute-value">0</a>" <span class="attribute-name">id</span>="<a class="attribute-value">32</a>"&gt;</span><span>Türkiye</span><span>&lt;/<span class="end-tag">category</span>&gt;</span><span>
<span id="line18"/>	</span><span>&lt;<span class="start-tag">files</span>&gt;</span><span>
<span id="line19"/>			</span><span>&lt;/<span class="end-tag">files</span>&gt;</span><span>
<span id="line20"/>	</span><span>&lt;<span class="start-tag">loadTime</span>&gt;</span><span>2078,125 ms</span><span>&lt;/<span class="end-tag">loadTime</span>&gt;</span><span>
<span id="line21"/></span><span>&lt;/<span class="end-tag">item</span>&gt;</span><span>
<span id="line22"/></span><span>&lt;<span class="start-tag">item</span> <span class="attribute-name">id</span>="<a class="attribute-value">3110557</a>" <span class="attribute-name">status</span>="<a class="attribute-value">1</a>" <span class="attribute-name">lang</span>="<a class="attribute-value">tr</a>" <span class="attribute-name">editorID</span>="<a class="attribute-value">26</a>" <span class="attribute-name">type</span>="<a class="attribute-value">1</a>" <span class="attribute-name">agencyID</span>="<a class="attribute-value">13</a>" <span class="attribute-name">agencyName</span>="<a class="attribute-value">AA</a>" &gt;</span><span>
<span id="line23"/>	</span><span>&lt;<span class="start-tag">title</span> <span class="attribute-name">url</span>="<a class="attribute-value">trabzon-icin-hedef-500-bin-arap-turist</a>"&gt;</span><span/><span class="cdata">&lt;![CDATA[Trabzon için hedef 500 bin Arap turist]]&gt;</span><span/><span>&lt;/<span class="end-tag">title</span>&gt;</span><span>
<span id="line24"/>	</span><span>&lt;<span class="start-tag">description</span>&gt;</span><span/><span class="cdata">&lt;![CDATA[Tarihi ve doğal güzelliklerinin yanı sıra kültürel değerleriyle de ilgi odağı Trabzon'a, bu sezon yaklaşık 500 bin Arap turist misafir edilmek isteniyor.  - Anadolu Ajansı]]&gt;</span><span/><span>&lt;/<span class="end-tag">description</span>&gt;</span><span>
<span id="line25"/>	</span><span>&lt;<span class="start-tag">content:encoded</span>&gt;</span><span/><span class="cdata">&lt;![CDATA[&lt;p&gt;&lt;span&gt;Tarihi ve doğal güzelliklerinin yanı sıra kültürel değerleriyle de ilgi odağı&lt;/span&gt; Trabzon&lt;span&gt;'a, bu sezon yaklaşık 500 bin &lt;/span&gt;Arap turist&lt;span&gt; misafir edilmek isteniyor.&lt;/span&gt;&lt;br&gt;&lt;/p&gt;&lt;p&gt;Trabzon Valisi Abdil Celil Öz, AA muhabirine yaptığı açıklamada, önemli bir hazırlık süreci geçirerek turizm sezonunu açtıklarını söyledi.&lt;/p&gt;&lt;p&gt;Çalışmalar kapsamında bir süre önce Trabzon Turizm Koordinasyon Kurulu oluşturulduğunu belirten Öz, Kültür ve Turizm Bakanı Mahir Ünal, Maliye Bakanı Naci Ağbal, Çalışma ve Sosyal Güvenlik Bakanı Süleyman Soylu ile Gençlik ve Spor Bakanı Çağatay Kılıç'ın katılımıyla toplantılar yapıldığını ifade etti. &lt;/p&gt;&lt;p&gt;Öz, kurulun kararları doğrultusunda çalışmalar gerçekleştirildiğini anlatarak, diğer kamu kurumlarının bu yöndeki projelerinin de sonuçlandırılmasıyla sezona her yönden hazır olduklarını vurguladı.&lt;/p&gt;&lt;p&gt;Trabzon'un geçen yıl yaklaşık 400-450 bin Körfez ülkesi ziyaretçisi olduğuna işaret eden Öz, şunları söyledi:&lt;/p&gt;&lt;p&gt;'Bu yıl, mevcut rakamı koruyacağımız gibi üzerine koyacağımızı da tahmin ediyorum çünkü işaretler onu gösteriyor. Körfez ülkeleriyle ilgili özellikle Trabzon-Cidde, Trabzon-Riyad uçak seferlerinin başlatılması ve acentelerimizin bu ülkelerle ilişkilerini sıklaştırması, turizm fuarlarına katılmaları neticesinde elde ettiğimiz intiba bu yönde. Sezonda tahmin ediyoruz ki 500 bin Arap turist sayısını yakalayacağız, hatta geçeceğiz. Yerli ve yabancı turist sayısında da 3 milyonu aşmayı hedefliyoruz.'&lt;/p&gt;&lt;p&gt;Kentte turizm işletme belgeli 4 bin 80 yatak bulunduğunu anımsatan Öz, 3 bin 218 yatak kapasitesine sahip tesislerin yapımının ise devam ettiğini dile getirdi.&lt;/p&gt;]]&gt;</span><span/><span>&lt;/<span class="end-tag">content:encoded</span>&gt;</span><span>
<span id="line26"/>	</span><span>&lt;<span class="start-tag">tags</span>&gt;</span><span/><span class="cdata">&lt;![CDATA[Trabzon,Hedef,Arap,Turist]]&gt;</span><span/><span>&lt;/<span class="end-tag">tags</span>&gt;</span><span>	
<span id="line27"/>	</span><span>&lt;<span class="start-tag">image</span>&gt;</span><span>http://aa.com.tr/uploads/Contents/2016/04/22/thumbs_b_c_bcb7a1a0b72503226cd9fbc4ac0ed3d8.jpg</span><span>&lt;/<span class="end-tag">image</span>&gt;</span><span>
<span id="line28"/>	</span><span>&lt;<span class="start-tag">pubDate</span> <span class="attribute-name">update</span>="<a class="attribute-value">2016-04-22 11:11:23</a>"&gt;</span><span>2016-04-22 11:10:50</span><span>&lt;/<span class="end-tag">pubDate</span>&gt;</span><span>
<span id="line29"/>	</span><span>&lt;<span class="start-tag">guid</span>&gt;</span><span>http://www.aa.com.tr/tr/yasam/trabzon-icin-hedef-500-bin-arap-turist/559457</span><span>&lt;/<span class="end-tag">guid</span>&gt;</span><span>
<span id="line30"/>	</span><span>&lt;<span class="start-tag">category</span> <span class="attribute-name">remoteId</span>="<a class="attribute-value">0</a>" <span class="attribute-name">id</span>="<a class="attribute-value">37</a>"&gt;</span><span>Yaşam</span><span>&lt;/<span class="end-tag">category</span>&gt;</span><span>
<span id="line31"/>	</span><span>&lt;<span class="start-tag">files</span>&gt;</span><span>
<span id="line32"/>			</span><span>&lt;/<span class="end-tag">files</span>&gt;</span><span>
<span id="line33"/>	</span><span>&lt;<span class="start-tag">loadTime</span>&gt;</span><span>183,5938 ms</span><span>&lt;/<span class="end-tag">loadTime</span>&gt;</span><span>
<span id="line34"/></span><span>&lt;/<span class="end-tag">item</span>&gt;</span><span>
<span id="line35"/></span><span>&lt;<span class="start-tag">item</span> <span class="attribute-name">id</span>="<a class="attribute-value">3110571</a>" <span class="attribute-name">status</span>="<a class="attribute-value">1</a>" <span class="attribute-name">lang</span>="<a class="attribute-value">tr</a>" <span class="attribute-name">editorID</span>="<a class="attribute-value">26</a>" <span class="attribute-name">type</span>="<a class="attribute-value">1</a>" <span class="attribute-name">agencyID</span>="<a class="attribute-value">14</a>" <span class="attribute-name">agencyName</span>="<a class="attribute-value">IHA</a>" &gt;</span><span>
<span id="line36"/>	</span><span>&lt;<span class="start-tag">title</span> <span class="attribute-name">url</span>="<a class="attribute-value">t-c-sahil-guvenlik-komutanligi-ekibi-ogrencilerle-bulustu</a>"&gt;</span><span/><span class="cdata">&lt;![CDATA[T.C. Sahil Güvenlik Komutanlığı ekibi öğrencilerle buluştu]]&gt;</span><span/><span>&lt;/<span class="end-tag">title</span>&gt;</span><span>
<span id="line37"/>	</span><span>&lt;<span class="start-tag">description</span>&gt;</span><span/><span class="cdata">&lt;![CDATA[Türkiye Cumhuriyeti (T.C.) İçişleri Bakanlığı’na bağlı Sahil Güvenlik Komutanlığı ekibi, Girne Üniversitesi öğrencileri ile Kariyer Günleri etkinliğinde buluştu.]]&gt;</span><span/><span>&lt;/<span class="end-tag">description</span>&gt;</span><span>
<span id="line38"/>	</span><span>&lt;<span class="start-tag">content:encoded</span>&gt;</span><span/><span class="cdata">&lt;![CDATA[&lt;p&gt;Öğrencilere gelecekte kariyer planlamaları, Sahil Güvenlik Komutanlığı personel alımları ve kariyerlerini nasıl planlayacakları hakkında bilgiler verildi. Etkinliğe, T.C. Sahil Güvenlik Komutanlığı’nda görev yapmakta olan T.C. İçişleri Bakanlığı, Sahil Güvenlik Komutanlığı, Personel Plan, Yönetim ve Eğitim Daire Başkanı Deniz Albay Günay Uzun, Personel Yönetim Şube Müdürü Deniz Yarbay Tarkan Düzgünçınar ve Personel Temin Şube Müdürü Binbaşı Mehmet Yılmaz’dan oluşan bir ekip ve hocalar katılım sağladı. Sahil Güvenlik Komutanlığı’nın, teşkilat yapısı, hava unsurları, personel kaynakları, personel alımı yapılan yerler, deniz harp okulu, yapıları ele alınırken aynı zamanda da bu yapıların işleyişleri ve yeni mezun olmuş bir denizcinin bu kaynaklarla nasıl ilişki kuracağı hususuna değinildi.&lt;/p&gt;&lt;h3&gt;&lt;strong&gt;SAHİL GÜVENLİK GÖREVLERİ, İŞ İLANLARI VE EĞİTİM OLANAKLARI ANLATILDI&lt;/strong&gt;&lt;/h3&gt;&lt;p&gt;Sahil Güvenlik Komutanlığı görevlerinin de anlatımda yer aldığı bu etkinlikte deniz güvenliği, tıbbi tahliye, deniz emniyeti, deniz çevresinin kaynaklarının korunması ve denizde kolluk kuvvetlerinin görev ve harp dönemi görevlerine yer verildi. Etkinlik boyunca tanıtım filmleri ve slayt gösterilerine yer verilirken son bölümde ise iş ilanlarının takibi yurtiçi ve yurt dışı lisansüstü eğitim olanak ve bursları ve yurt dışı görev imkânları konuşuldu.&lt;/p&gt;&lt;h3&gt;&lt;strong&gt; “ÖĞRENCİLERİMİZİN, KARİYER PLANLAMALARINI YAPARKEN, SEKTÖRÜN EN ÖNEMLİ KAYNAKLARINDAN DOĞRU YÖNLENDİRMELER ALMALARINI SAĞLIYORUZ”&lt;/strong&gt;&lt;/h3&gt;&lt;p&gt;Girne Üniversitesi Denizcilik Fakültesi Dekanı Prof. Dr. Mustafa Altunç, Kariyer Günleri ile ilgili yaptığı açıklamada, Girne Üniversitesi olarak T.C. Sahil Güvenlik Komutanlığı ekibini öğrencileri ile buluşturmaktan duydukları mutluluğu ifade etti. “Girne Üniversitesi olarak öğrencilerimizin hem alanlarında en iyi şekilde eğitim almalarını, hem de kariyer planlarını yaparlarken alanlarının en tecrübeli uzmanları ile bir araya gelerek doğru yönlendirmeler ışığında planlarını yapmalarını sağlamayı kendimize amaç edinmiş bir kurumuz. Denizcilik eğitimi alan öğrencilerimizi T.C. Sahil Güvenlik Komutanlığı ekibi ile buluşturarak hem işe alım süreçlerini, hem işin kendi içindeki dinamiklerini birinci kaynaktan dinlemelerini sağladık. Öğrencilerimiz için son derece faydalı bir etkinlik gerçekleştirmiş olmaktan mutluyuz” dedi.&lt;/p&gt;]]&gt;</span><span/><span>&lt;/<span class="end-tag">content:encoded</span>&gt;</span><span>
<span id="line39"/>	</span><span>&lt;<span class="start-tag">tags</span>&gt;</span><span/><span class="cdata">&lt;![CDATA[Sahil,Güvenlik,Komutanlık,Öğrenci,Buluşma]]&gt;</span><span/><span>&lt;/<span class="end-tag">tags</span>&gt;</span><span>	
<span id="line40"/>	</span><span>&lt;<span class="start-tag">image</span>&gt;</span><span>http://www.habereditoru.com/files/haberresimler/t-c-sahil-guvenlik-komutanligi-ekibi-ogrencilerle-bulustu.jpg</span><span>&lt;/<span class="end-tag">image</span>&gt;</span><span>
<span id="line41"/>	</span><span>&lt;<span class="start-tag">pubDate</span> <span class="attribute-name">update</span>="<a class="attribute-value">2016-04-22 11:18:53</a>"&gt;</span><span>2016-04-22 11:15:51</span><span>&lt;/<span class="end-tag">pubDate</span>&gt;</span><span>
<span id="line42"/>	</span><span>&lt;<span class="start-tag">guid</span>&gt;</span><span>http://www.iha.com.tr/haber-tc-sahil-guvenlik-komutanligi-ekibi-ogrencilerle-bulustu-553435/</span><span>&lt;/<span class="end-tag">guid</span>&gt;</span><span>
<span id="line43"/>	</span><span>&lt;<span class="start-tag">category</span> <span class="attribute-name">remoteId</span>="<a class="attribute-value">0</a>" <span class="attribute-name">id</span>="<a class="attribute-value">46</a>"&gt;</span><span>Gündem</span><span>&lt;/<span class="end-tag">category</span>&gt;</span><span>
<span id="line44"/>	</span><span>&lt;<span class="start-tag">files</span>&gt;</span><span>
<span id="line45"/>			</span><span>&lt;/<span class="end-tag">files</span>&gt;</span><span>
<span id="line46"/>	</span><span>&lt;<span class="start-tag">loadTime</span>&gt;</span><span>2636,719 ms</span><span>&lt;/<span class="end-tag">loadTime</span>&gt;</span><span>
<span id="line47"/></span><span>&lt;/<span class="end-tag">item</span>&gt;</span><span>
<span id="line48"/></span><span>&lt;<span class="start-tag">item</span> <span class="attribute-name">id</span>="<a class="attribute-value">3110572</a>" <span class="attribute-name">status</span>="<a class="attribute-value">1</a>" <span class="attribute-name">lang</span>="<a class="attribute-value">tr</a>" <span class="attribute-name">editorID</span>="<a class="attribute-value">26</a>" <span class="attribute-name">type</span>="<a class="attribute-value">1</a>" <span class="attribute-name">agencyID</span>="<a class="attribute-value">14</a>" <span class="attribute-name">agencyName</span>="<a class="attribute-value">IHA</a>" &gt;</span><span>
<span id="line49"/>	</span><span>&lt;<span class="start-tag">title</span> <span class="attribute-name">url</span>="<a class="attribute-value">mhp-den-adaylara-sert-paralelci-suclamasi</a>"&gt;</span><span/><span class="cdata">&lt;![CDATA[MHP’den adaylara sert 'paralelci' suçlaması]]&gt;</span><span/><span>&lt;/<span class="end-tag">title</span>&gt;</span><span>
<span id="line50"/>	</span><span>&lt;<span class="start-tag">description</span>&gt;</span><span/><span class="cdata">&lt;![CDATA[MHP Genel Başkan Yardımcısı ve İstanbul Milletvekili Semih Yalçın, "Paralel senaryonun son perdesi, kendilerini MHP genel başkan adayı olarak kamuoyuna lanse eden bazı isimleri avladığı bilinen paralel yapı, olağanüstü kurultay için yargıya başvuran malum isimlere destek vererek yargı sürecine etki etmenin yollarını aramaya başlamıştır" dedi.]]&gt;</span><span/><span>&lt;/<span class="end-tag">description</span>&gt;</span><span>
<span id="line51"/>	</span><span>&lt;<span class="start-tag">content:encoded</span>&gt;</span><span/><span class="cdata">&lt;![CDATA[&lt;p&gt;MHP Genel Başkan Yardımcısı Yalçın, MHP'nin 15 Mayıs'ta yapılacak olağanüstü kurultayına ilişkin yaptığı yazılı açıklamada, "Devleti ele geçirmeye çalışan malum cemaatin bütün kurumlara sızmak suretiyle kadrolaştığının ve devleti ele geçirmeye çalıştığının ortaya çıkması üzerine bir süreden beri bu örgüte dönük operasyonlara hız verilmiştir. Bunun üzerine düne kadar iktidar partisi bünyesine yapışarak bir tufeyli gibi devlet ve millet imkânlarını hortumlayan paralel yapıya hizmet eden kimse ve gruplar, kendilerine yeni bir melce ve siyasi şemsiye arayışına girmişlerdir. Özellikle 7 Haziran seçimlerinin ortaya çıkardığı tablodan yararlanmak isteyen paralel yapı temsilcileri, iktidar partisinin gövdesinden ayrılıp başka bir siyasi partinin çeperine yapışmaya çabalamışlardır. 7 Haziran seçimleri sonrasında önemli bir ivme yakalayan MHP’yi gözüne kestiren paralelciler, kendilerini tasfiye eden iktidar partisi karşısında yüzde 60’lık blok varmış gibi göstererek içine MHP’yi dâhil etmeye kalkmışlar, böylece partimizi yeni bir meşum senaryonun içine çekmek için kolları sıvamışlardır. Başarılı olamayınca bu defa da partimizin 1 Kasım seçimlerinde sandık altında kalması için çaba göstermişlerdir. Bu senaryo tutmayınca yeni bir siyasi oyunun son perdesini yazmaya koyulmuşlardır. Paralel senaryonun son perdesi, MHP’de suni kriz üreterek bir olağanüstü kurultay yapmak suretiyle yönetimi değiştirmek ve partimizde egemen olmak üzerine yazılmıştır. Bu amaçla harekete geçen paralel yapının yargıdaki kırıntıları, birtakım solcu artıklarıyla iş birliğine giderek mevhum yüzde 60 blokunu hayata geçirememenin acısını çıkarmaya soyunmuşlardır" dedi.&lt;/p&gt;&lt;p&gt;Yalçın, açıklamasında şunları kaydetti:"Kendilerini MHP genel başkan adayı olarak kamuoyuna lanse eden bazı isimleri avladığı bilinen paralel yapı, olağanüstü kurultay için yargıya başvuran malum isimlere destek vererek yargı sürecine etki etmenin yollarını aramaya başlamıştır. Bu iş birliği süreci meyvelerini vermiş ve arkasından 12. Sulh Hukuk Mahkemesi'nden MHP’de olağanüstü kurultay yapılması yönünde karar çıkmıştır. MHP’ye adı geçen mahkeme tarafından tartışmalı bir şekilde kayyum atanmıştır. Bunun üzerine MHP lideri Devlet Bahçeli’nin 'Bizim paralele teslim edecek bir partimiz yoktur' açıklamasını yapması, MHP’nin üzerine paralel çetesi gölgesi düşürülmeye çalışıldığının kanıtı olmuştur. Bahse konu karar üzerine MHP Avukatı Yücel Bulut’un MHP Genel Merkezi'nde düzenlemiş olduğu basın toplantısında, Ankara 12. Sulh Hukuk Mahkemesi'nin hâkimi hakkında 'Şahsım, sayın mahkeme hâkiminin uygulamaları karşısında şaşkınlık yaşamamıştır. Zira daha önce de benzer tereddütlerin hâsıl olmasına sebebiyet veren tavır ve davranışlarına muhatap olmak durumunda kaldık' şeklindeki beyanları ise ortada endişe verici bir güven problemi olduğunu su yüzüne çıkarmıştır. Mahkeme Hâkimi Ümran Kaptan, Pazartesi günü yanına giden MHP Genel Merkez avukatına 9 sayfalık ve kapsamlı mahkeme gerekçeli kararı hakkında 'Henüz hazırlamadım. Hafta sonu da şehir dışındaydım. 3-4 gün sonra hazırlarım' demiştir. Buna rağmen kısa bir süre sonra gerekçeli kararı UYAP’a yüklemiştir.&amp;nbsp;&lt;/p&gt;&lt;p&gt;Hâkime hanımın şüpheye yol açan bu tutumu gerek partimiz tarafından, gerekse kamuoyunda meseleyi yakından takip eden çevreler tarafından bir kumpasın işareti olarak görülmüştür.""Bütün bu gelişmeler, malum yapılanmanın MHP’yi ele geçirmek için çok boyutlu çalıştığını ortaya koyan adımlar olarak değerlendirilmiştir" diyen Yalçın, "Bu arada MHP’ye yönelik paralel operasyonla ilgili vahim iddialar birbirini kovalamış, birbirinden ilginç tezler hem medyada hem de siyaset platformunda tartışılmaya başlanmıştır. Bu çerçevede MHP genel başkan adayı olduğunu açıklayan ve öteden beri paralel yapıyla ilişkilerini gizlemeyen Meral Akşener’in MHP’ye yönelik kumpas bağlamında yargı sürecine ilişkin gelişmeleri eski Dev-Solcu olduğu söylenen eşinin kişisel bağlantıları üzerinden şekillendirdiğine dair iddialar gündeme düşmüştür. Adı geçen hanımefendi, eşinin bu bağlantılarını bir röportajında 'Eşim komşu oğluydu. 20 yaşına kadar solcuydu. ‘Benim eşim eski solcu, Maocu’ idi.&amp;nbsp;&lt;/p&gt;&lt;p&gt;O, daha sonra bizim cenaha girdi. Eşim Gaziantep ODTÜ’de okuyordu. 1977'lerde solun içinde etnisiteye vurgu yapan bir yapı oluşmuştu; o dönemde eşim onlardan koptu' şeklinde açıklamıştır. Bu ifadeler dikkate alınarak tartışılan söz konusu iddialar, şüpheleri Dev-Sol/paralel çete dayanışması üzerinde yoğunlaştırmıştır. Yine kamuoyuna yansıyan iddialara göre MHP’yle ilgili olağanüstü kurultayın mahkemeye taşınmasıyla ilgili süreç, Ankara Mülkiyeliler Lokali'nde Ankara 12. Sulh Hukuk Mahkemesi hâkimi Ümran Kaptan’ın da olduğu bir ortamda şekillendirildiği iddiaları ortaya atılmıştır. Bu ortamı eski solcu kimliğiyle Meral Akşener’in eşi Tuncer Akşener’in sağladığı öne sürülmüştür" ifadelerini kullandı."Yargı politikaya alet mi ediliyor?" sorusunu gündeme getiren bütün bu inanılması güç iddialar karşısında MHP’ye yargıda kumpas kurduğu ve paralel yapıya koltuk çıktığı ileri sürülen 12. Sulh Hukuk Mahkemesi Hâkimi Ümran Kaptan’dan kamuoyunu ve Türk milletini aydınlatmak adına yönelttikleri soruları cevaplamasını beklediklerini belirten Yalçın, "Ankara’daki Mülkiyeliler Lokali'nde Avukat Hasan Kepenek’in abisi eski CHP Milletvekili Yakup Kepenek otururken oraya birkaç arkadaşınızla geldiğiniz doğru mudur? Bir yakınınızın Dev-Solcu olduğu ve sizin de ondan etkilendiğiniz doğru mudur? Bu sebeple Meral Akşener’in eşinin yakın dostu olan Hasan Kepenek’in abisi Yakup Kepenek’le MHP davasını şekillendirmek için yan yana geldiğiniz iddiasına ne diyeceksiniz? Bir masaya geçip diğerlerinin duymayacağı bir şekilde 'Bizim gelinin işini ne yaptın?' şeklinde MHP davası hakkında soru soran eski CHP Milletvekili Yakup Kepenek’e davanın seyri hakkında 'Önceki teamül ve uygulama var, sıkıntı yok' şeklinde tarafınızdan bilgi verilmiş midir? Yakup Kepenek size, 'Sakın topu taca atma' şeklinde istekte bulunmuş mudur?&lt;/p&gt;&lt;p&gt;&amp;nbsp;Eski CHP Milletvekili Yakup Kepenek masanızdan ayrıldıktan sonra kendi oturduğu masadakilere 'Saadet Partisi örneği var, kayyum atanmıştı' diye bir bilgilendirme cümlesi kurmuş mudur? Görüşmede çok farklı bir yargı süreci olan Saadet Partisi kongresi emsal gösterilerek mahkeme sürecinin bu noktaya taşınması yönünde bir karar alınmış mıdır? Sohbet esnasında bu karar doğrultusunda alınacak sonucu belirtmek üzere 'Bizim gelinin işi tamam' denilmiş midir? 'Bizim gelin' ifadesi kendini MHP genel başkan adayı ilan eden Meral Akşener için mi kullanılmıştır? Değilse bu 'çeyizi yargıdan' gelen hanımefendi kimdir?" diye sordu.&lt;/p&gt;&lt;p&gt;Yalçın, açıklamasını şöyle sürdürdü:"Meral Akşener’in eşi Tuncer Akşener ile eski CHP Milletvekili Yakup Kepenek’in hem Rizeli olmaları dolayısıyla hemşeri dayanışması içine girdikleri hem de solculuk dönemlerinde arkadaş oldukları doğru mudur? 25 Mart 2016 tarihinde HSYK'nin Bölge Adliye Mahkemeleri Kararnamesi ile 1034 hâkim ve savcının görev yeri değişmiştir. Bunun içinde sizin isminiz varken atamanız nasıl durdurulmuş veya engellenmiştir? Sizin lehinize bu müdahaleyi yapanların paralel yapı ile ilişkisi var mıdır?&lt;/p&gt;&lt;p&gt;&amp;nbsp;MHP avukatına 'Pazartesi günü gerekçeli kararın çıkamayacağını ve hafta sonunu Ankara dışında geçirdiğinizi, bu yüzden perşembe gününden önce kararın çıkmasının mümkün olmadığını' söylemenize rağmen gerekçeli kararın görüşmeden bir saat sonra alelacele UYAP sistemine yüklenmesini nasıl izah edeceksiniz? Davacıların avukatları mahkeme süreci ile alakalı titiz bir şekilde bilgilendirilirken, olup bitenin MHP Genel Merkez avukatından gizli tutulmasını hangi hukuk kuralları çerçevesinde değerlendiriyorsunuz?&amp;nbsp;&lt;/p&gt;&lt;p&gt;MHP’ye kayyum atamanızın Mülkiyeliler Lokali'nde gerçekleşen görüşmeyle bir ilişkisi var mıdır? Size paralel yapının üst düzeyinden ulaşan ve paralel yapının önünü açmak için MHP’ye kayyum atamanızı isteyen birileri olmuş mudur?Ortaya atılan iddialar doğruysa Dev-Sol ruhuyla paralel yapı ruhunu MHP genel başkan adaylığına soyunan bir hanım için bir araya getirme politikasını hangi somut hukuki gerekçelere bağlıyorsunuz?""&lt;/p&gt;&lt;p&gt;Netice olarak MHP’ye yönelik son Pentagon-Pensilvanya ortak-üst akıl operasyonu konusunda yüce milletimizle paylaşmak istediğimiz hususlar özetle şunlardır" diyen Yalçın, "MHP’nin yeniden dizayn edilmesi kapsamında olağanüstü kurultay için yargıdan 'fetva' çıkarma ve genel başkan gelinliği giymeye soyunanlar için 'yüz görümlüğü' hazırlama çabalarına birtakım gayrimeşru odakların ve kirli ellerin karışma gayretleri gözlerden kaçmamaktadır. Bu sürecin okyanus ötesi tarafından desteklenmesi, küresel güçlerin taşeronluğunu üstlenen bir çetenin varlığına işaret etmektedir. MHP olarak Türk devletinin bütün kurumlarına nüfuz eden karanlık mahfillerin temizlenmesi çabalarıyla ilgili gelişmelerin takipçisi olacağız. Bilinmelidir ki bu mesele sadece MHP’nin değil, bütün Türkiye’nin meselesidir. O bakımdan kamuoyunu bu hususta aydınlatmaya ve meşum yapıyla mücadeleye devam edeceğiz" ifadelerini kullandı. &lt;/p&gt;]]&gt;</span><span/><span>&lt;/<span class="end-tag">content:encoded</span>&gt;</span><span>
<span id="line52"/>	</span><span>&lt;<span class="start-tag">tags</span>&gt;</span><span/><span class="cdata">&lt;![CDATA[MHP,Aday,Sert,Paralel,Suçlama]]&gt;</span><span/><span>&lt;/<span class="end-tag">tags</span>&gt;</span><span>	
<span id="line53"/>	</span><span>&lt;<span class="start-tag">image</span>&gt;</span><span>http://www.habereditoru.com/files/haberresimler/mhp-den-adaylara-sert-paralelci-suclamasi.jpg</span><span>&lt;/<span class="end-tag">image</span>&gt;</span><span>
<span id="line54"/>	</span><span>&lt;<span class="start-tag">pubDate</span> <span class="attribute-name">update</span>="<a class="attribute-value">2016-04-22 11:18:26</a>"&gt;</span><span>2016-04-22 11:15:51</span><span>&lt;/<span class="end-tag">pubDate</span>&gt;</span><span>
<span id="line55"/>	</span><span>&lt;<span class="start-tag">guid</span>&gt;</span><span>http://www.iha.com.tr/haber-mhpden-adaylara-sert-paralelci-suclamasi-553433/</span><span>&lt;/<span class="end-tag">guid</span>&gt;</span><span>
<span id="line56"/>	</span><span>&lt;<span class="start-tag">category</span> <span class="attribute-name">remoteId</span>="<a class="attribute-value">0</a>" <span class="attribute-name">id</span>="<a class="attribute-value">47</a>"&gt;</span><span>Politika</span><span>&lt;/<span class="end-tag">category</span>&gt;</span><span>
<span id="line57"/>	</span><span>&lt;<span class="start-tag">files</span>&gt;</span><span>
<span id="line58"/>			</span><span>&lt;/<span class="end-tag">files</span>&gt;</span><span>
<span id="line59"/>	</span><span>&lt;<span class="start-tag">loadTime</span>&gt;</span><span>109,375 ms</span><span>&lt;/<span class="end-tag">loadTime</span>&gt;</span><span>
<span id="line60"/></span><span>&lt;/<span class="end-tag">item</span>&gt;</span><span>
<span id="line61"/></span><span>&lt;<span class="start-tag">item</span> <span class="attribute-name">id</span>="<a class="attribute-value">3110457</a>" <span class="attribute-name">status</span>="<a class="attribute-value">1</a>" <span class="attribute-name">lang</span>="<a class="attribute-value">tr</a>" <span class="attribute-name">editorID</span>="<a class="attribute-value">26</a>" <span class="attribute-name">type</span>="<a class="attribute-value">1</a>" <span class="attribute-name">agencyID</span>="<a class="attribute-value">14</a>" <span class="attribute-name">agencyName</span>="<a class="attribute-value">IHA</a>" &gt;</span><span>
<span id="line62"/>	</span><span>&lt;<span class="start-tag">title</span> <span class="attribute-name">url</span>="<a class="attribute-value">adliye-girisinde-gazetecilere-saldirdilar</a>"&gt;</span><span/><span class="cdata">&lt;![CDATA[Adliye girişinde gazetecilere saldırdılar]]&gt;</span><span/><span>&lt;/<span class="end-tag">title</span>&gt;</span><span>
<span id="line63"/>	</span><span>&lt;<span class="start-tag">description</span>&gt;</span><span/><span class="cdata">&lt;![CDATA[Çanakkale merkezli 4 ilde gerçekleştirilen operasyonda, gözaltına alınan 11 kişi adliyeye sevk edildi. Zanlılar adliyeye girerken gazetecilere saldırdı.]]&gt;</span><span/><span>&lt;/<span class="end-tag">description</span>&gt;</span><span>
<span id="line64"/>	</span><span>&lt;<span class="start-tag">content:encoded</span>&gt;</span><span/><span class="cdata">&lt;![CDATA[&lt;p&gt;Edinilen bilgiye göre, Çanakkale İl Jandarma Komutanlığı’na bağlı ekipler, 'suç işlemek amacıyla örgüt kurdukları ve örgüt faaliyeti kapsamında göçmen kaçakçılığı yaptıkları' öne sürülen kişilere yönelik Çanakkale, İstanbul, Balıkesir ve İzmir'de 11 adrese eş zamanlı operasyon düzenledi. Operasyonda, 11 farklı adreste yakalanan, M.O.Ş., S.S., S.K., Ç.K., A.Y., A.I., T.Ç., T.Ö., A.Ö., İ,Ö., Y.Y. jandarmadaki işlemlerinin tamamlanmasının ardından Çanakkale Adliyesi'ne getirildi.&lt;/p&gt;&lt;p&gt;Zanlılar adliye girişinde tekbir sesleriyle içeriye girerken, adliye girişinde çekim yapan gazetecilere saldırıp küfür ettiler.&lt;/p&gt;]]&gt;</span><span/><span>&lt;/<span class="end-tag">content:encoded</span>&gt;</span><span>
<span id="line65"/>	</span><span>&lt;<span class="start-tag">tags</span>&gt;</span><span/><span class="cdata">&lt;![CDATA[Çanakkale,Adliye,Gazeteci,Saldırı]]&gt;</span><span/><span>&lt;/<span class="end-tag">tags</span>&gt;</span><span>	
<span id="line66"/>	</span><span>&lt;<span class="start-tag">image</span>&gt;</span><span>http://www.habereditoru.com/files/haberresimler/adliye-girisinde-gazetecilere-saldirdilar.jpg</span><span>&lt;/<span class="end-tag">image</span>&gt;</span><span>
<span id="line67"/>	</span><span>&lt;<span class="start-tag">pubDate</span> <span class="attribute-name">update</span>="<a class="attribute-value">2016-04-22 11:01:33</a>"&gt;</span><span>2016-04-22 11:00:51</span><span>&lt;/<span class="end-tag">pubDate</span>&gt;</span><span>
<span id="line68"/>	</span><span>&lt;<span class="start-tag">guid</span>&gt;</span><span>http://www.iha.com.tr/haber-adliye-girisinde-gazetecilere-saldirdilar-553429/</span><span>&lt;/<span class="end-tag">guid</span>&gt;</span><span>
<span id="line69"/>	</span><span>&lt;<span class="start-tag">category</span> <span class="attribute-name">remoteId</span>="<a class="attribute-value">0</a>" <span class="attribute-name">id</span>="<a class="attribute-value">48</a>"&gt;</span><span>Asayiş</span><span>&lt;/<span class="end-tag">category</span>&gt;</span><span>
<span id="line70"/>	</span><span>&lt;<span class="start-tag">files</span>&gt;</span><span>
<span id="line71"/>			</span><span>&lt;/<span class="end-tag">files</span>&gt;</span><span>
<span id="line72"/>	</span><span>&lt;<span class="start-tag">loadTime</span>&gt;</span><span>484,375 ms</span><span>&lt;/<span class="end-tag">loadTime</span>&gt;</span><span>
<span id="line73"/></span><span>&lt;/<span class="end-tag">item</span>&gt;</span><span>
<span id="line74"/></span><span>&lt;<span class="start-tag">item</span> <span class="attribute-name">id</span>="<a class="attribute-value">3110464</a>" <span class="attribute-name">status</span>="<a class="attribute-value">1</a>" <span class="attribute-name">lang</span>="<a class="attribute-value">tr</a>" <span class="attribute-name">editorID</span>="<a class="attribute-value">97</a>" <span class="attribute-name">type</span>="<a class="attribute-value">1</a>" <span class="attribute-name">agencyID</span>="<a class="attribute-value">19</a>" <span class="attribute-name">agencyName</span>="<a class="attribute-value">HABER7.COM</a>" &gt;</span><span>
<span id="line75"/>	</span><span>&lt;<span class="start-tag">title</span> <span class="attribute-name">url</span>="<a class="attribute-value">turkiye-hicaz-demiryolu-icin-harekete-gecti</a>"&gt;</span><span/><span class="cdata">&lt;![CDATA[Türkiye Hicaz Demiryolu için harekete geçti]]&gt;</span><span/><span>&lt;/<span class="end-tag">title</span>&gt;</span><span>
<span id="line76"/>	</span><span>&lt;<span class="start-tag">description</span>&gt;</span><span/><span class="cdata">&lt;![CDATA[Osmanlı'nın son büyük projesi Hicaz Demiryolu, Türkiye'nin desteğiyle restore ediliyor.]]&gt;</span><span/><span>&lt;/<span class="end-tag">description</span>&gt;</span><span>
<span id="line77"/>	</span><span>&lt;<span class="start-tag">content:encoded</span>&gt;</span><span/><span class="cdata">&lt;![CDATA[&lt;p&gt;2. Abdülhamid Han’ın 1900 ile 1908 yılları arasında Şam-Medine arasında inşa ettirdiği, hac yolcularının yolunu kısaltmayı amaçlayan Hicaz Demir Yolu Türkiye’nin desteğiyle restore edilecek.&lt;/p&gt;&lt;p&gt;Ürdün Hicaz Demir Yolu Kurumu, TCDD ve TİKA işbirliğiyle gerçekleştirilecek restorasyon proje kapsamında 3 bin metrekarelik, 3 milyon avroluk müze açılacak, Osmanlı’dan kalan 9 bin bina restore edilecek ve Türkiye tarafından demiryolu için 150 bin avro değerinde iş makinesi hediye edilecek.&lt;/p&gt;&lt;p&gt;&lt;strong&gt;İSLAM DÜNYASININ BÜYÜK FEDAKARLIĞIYLA YAPILMIŞTI&lt;/strong&gt;&lt;/p&gt;&lt;p&gt;Osmanlı’nın en önemli projelerinden biri olarak bilinen Hicaz Demiryolu, 4 milyon lirayı aşan maliyeti nedeniyle devletin bütçesini zorlayacağı için, müslüman halkın yardımına başvuruldu. İlk bağışı, şahsi bütçesinden Sultan Abdülhamid Han yaptı. İslam dünyasında büyük coşkuyla karşılanan proje için Müslümanlar adeta seferber oldu.&lt;/p&gt;&lt;p&gt;&lt;strong&gt;AVRUPA’YI ŞAŞKINA ÇEVİREN HIZ&lt;/strong&gt;&lt;/p&gt;&lt;p&gt;İnşaat 8 yıl sürdü. 1320 km hat uzunluğu ile, dönemin şartları göz önünde bulundurulduğunda projenin bu kadar kısa sürede yapılması büyük bir başarıydı. Öyle ki, bu hız Avrupa’yı bile şaşkına çevirdi. Demiryolu ayrıca müslüman medyasında da aylarca en çok konuşulan konu oldu. Osmanlı, Hindistan, İran ve Arap medyası projeye ilişkin sürekli olarak yayınlar yaptı.&lt;/p&gt;&lt;p&gt;&lt;strong&gt;ÇOĞUNLUKLA TÜRK MÜHENDİSLER ÇALIŞTI&lt;/strong&gt;&lt;/p&gt;&lt;p&gt;Projenin teknik işlerinin başında Alman mühendis Meissner bulunuyordu. Ancak projede yabancılardan daha çok Türk mühendisler rol oynadı. Hicaz Demiryolu bu açıdan bakıldığında, genç Türk mühendisler için adeta bir okul görevi görmüş, teknik açıdan Osmanlı için önemli bir tecrübe kaynağı olmuştu.&lt;/p&gt;&lt;p&gt;&lt;strong&gt;ABDÜLHAMİD HAN’DAN BÜYÜK İNCELİK&lt;/strong&gt;&lt;/p&gt;&lt;p&gt;Demiryolunun kutsal topraklar bölümünde eşine ender rastlanır bir incelik de gösterildi. Abdülhamid Han’ın talimatıyla, kutsal topraklarda, saygısızlık olmasın, Hz. Muhammed’in ruhaniyeti rahatsız olmasın diye sessiz çalışılmaya gayret edildi. Bunun için rayların altına keçe döşendi.&lt;/p&gt;&lt;p&gt;Hicaz Demiryolu, hac yolcuları için büyük kolaylık olmakla birlikte, Osmanlı Ordusu için de önemli bir lojistik desteği sağladı. Sadece Osmanlı milletlerinin değil, tüm Müslümanların projeye bağışlarıyla destek vermeleri açısından da Hicaz Demiryolu İslam dünyası için muhteşem bir dayanışma örneğinin sergilendiği yer oldu.&lt;/p&gt;&lt;p&gt;&lt;strong&gt;HİCAZ DEMİRYOLU’NUN HAYATİ GÖREVİ: KUTSAL EMANETLER&lt;/strong&gt;&lt;/p&gt;&lt;p&gt;Yapımı 8 yıl süren, Osmanlı hakimiyeti altında 10 yıl kalan Hicaz Demiryolu, 1. Dünya Savaşı sırasında hem kullanılamaz hale geldi, hem de  Mondros Mütarekesi gereği, Medine’nin tahliye edilmesiyle birlikte Osmanlı hakimiyetinden çıktı.&lt;/p&gt;&lt;p&gt;Ancak demiryolunun Osmanlı için son görevi oldukça anlamlıydı. Fahreddin Paşa’nın da büyük gayretleriyle, Osmanlı kontrolünden çıkan Medine’deki kutsal emanetler Hicaz Demiryolu vasıtasıyla İstanbul’a taşındı. Böylelikle Osmanlı’nın son büyük projesi, Osmanlı’nın son kutsal görevini yapmak, yani kutsal emanetleri kurtarmak adına önemli bir vazifeyi ifa etmiş oldu. &lt;/p&gt;]]&gt;</span><span/><span>&lt;/<span class="end-tag">content:encoded</span>&gt;</span><span>
<span id="line78"/>	</span><span>&lt;<span class="start-tag">tags</span>&gt;</span><span/><span class="cdata">&lt;![CDATA[Türkiye,Hicaz,Demiryolu,için,harekete,geçti]]&gt;</span><span/><span>&lt;/<span class="end-tag">tags</span>&gt;</span><span>	
<span id="line79"/>	</span><span>&lt;<span class="start-tag">image</span>&gt;</span><span>http://image.cdn.haber7.com//haber/haber7/photos/2016/16/turkiye_hicaz_demiryolu_icin_harekete_gecti_1461315626_9404.jpg</span><span>&lt;/<span class="end-tag">image</span>&gt;</span><span>
<span id="line80"/>	</span><span>&lt;<span class="start-tag">pubDate</span> <span class="attribute-name">update</span>="<a class="attribute-value">2016-04-22 11:01:55</a>"&gt;</span><span>2016-04-22 11:01:55</span><span>&lt;/<span class="end-tag">pubDate</span>&gt;</span><span>
<span id="line81"/>	</span><span>&lt;<span class="start-tag">guid</span>&gt;</span><span>http://m.haber7.com/haberDetay.php?id=1909697</span><span>&lt;/<span class="end-tag">guid</span>&gt;</span><span>
<span id="line82"/>	</span><span>&lt;<span class="start-tag">category</span> <span class="attribute-name">remoteId</span>="<a class="attribute-value">0</a>" <span class="attribute-name">id</span>="<a class="attribute-value">409</a>"&gt;</span><span>Kültür ve Sanat</span><span>&lt;/<span class="end-tag">category</span>&gt;</span><span>
<span id="line83"/>	</span><span>&lt;<span class="start-tag">files</span>&gt;</span><span>
<span id="line84"/>			</span><span>&lt;/<span class="end-tag">files</span>&gt;</span><span>
<span id="line85"/>	</span><span>&lt;<span class="start-tag">loadTime</span>&gt;</span><span>3496,094 ms</span><span>&lt;/<span class="end-tag">loadTime</span>&gt;</span><span>
<span id="line86"/></span><span>&lt;/<span class="end-tag">item</span>&gt;</span><span>
<span id="line87"/></span><span>&lt;<span class="start-tag">item</span> <span class="attribute-name">id</span>="<a class="attribute-value">3110462</a>" <span class="attribute-name">status</span>="<a class="attribute-value">1</a>" <span class="attribute-name">lang</span>="<a class="attribute-value">tr</a>" <span class="attribute-name">editorID</span>="<a class="attribute-value">97</a>" <span class="attribute-name">type</span>="<a class="attribute-value">1</a>" <span class="attribute-name">agencyID</span>="<a class="attribute-value">19</a>" <span class="attribute-name">agencyName</span>="<a class="attribute-value">HABER7.COM</a>" &gt;</span><span>
<span id="line88"/>	</span><span>&lt;<span class="start-tag">title</span> <span class="attribute-name">url</span>="<a class="attribute-value">hamzaoglu-dan-f-bahceli-yildiza-kanca</a>"&gt;</span><span/><span class="cdata">&lt;![CDATA[Hamzaoğlu'dan F.Bahçeli yıldıza kanca!]]&gt;</span><span/><span>&lt;/<span class="end-tag">title</span>&gt;</span><span>
<span id="line89"/>	</span><span>&lt;<span class="start-tag">description</span>&gt;</span><span/><span class="cdata">&lt;![CDATA[F.Bahçe'de bu sezon çok fazla şans bulamayan ve hem solda hem de stoperde görev yapabilen Çek yıldız Kadlec, Bursaspor'un radarına girdi.]]&gt;</span><span/><span>&lt;/<span class="end-tag">description</span>&gt;</span><span>
<span id="line90"/>	</span><span>&lt;<span class="start-tag">content:encoded</span>&gt;</span><span/><span class="cdata">&lt;![CDATA[&lt;p&gt;Sezon sonunda yeniden yapılanmaya gidecek olan yeşil-beyazlı takımda, stoper Tomas Sivok'un, Kadlec ile ilgili olarak teknik direktör Hamza Hamzaoğlu ile fikir alışverişinde bulunduğu ifade ediliyor.&lt;br /&gt;&lt;br /&gt;Hamzaoğlu'nun da aynı ülkeden birbirlerinin dillerini anlayan iki stoperle çalışmanın avantajlı olacağını düşündüğü bildirildi. Bursaspor yönetimi ise sezon sonu transfer için düğmeye basacak.&lt;/p&gt;]]&gt;</span><span/><span>&lt;/<span class="end-tag">content:encoded</span>&gt;</span><span>
<span id="line91"/>	</span><span>&lt;<span class="start-tag">tags</span>&gt;</span><span/><span class="cdata">&lt;![CDATA[Hamzaoğludan,FBahçeli,yıldıza,kanca]]&gt;</span><span/><span>&lt;/<span class="end-tag">tags</span>&gt;</span><span>	
<span id="line92"/>	</span><span>&lt;<span class="start-tag">image</span>&gt;</span><span>http://image.cdn.haber7.com//haber/haber7/photos/2016/16/hamzaogludan_fbahceli_yildiza_kanca_1461313131_9817.jpg</span><span>&lt;/<span class="end-tag">image</span>&gt;</span><span>
<span id="line93"/>	</span><span>&lt;<span class="start-tag">pubDate</span> <span class="attribute-name">update</span>="<a class="attribute-value">2016-04-22 11:01:49</a>"&gt;</span><span>2016-04-22 11:01:49</span><span>&lt;/<span class="end-tag">pubDate</span>&gt;</span><span>
<span id="line94"/>	</span><span>&lt;<span class="start-tag">guid</span>&gt;</span><span>http://m.haber7.com/haberDetay.php?id=1909574</span><span>&lt;/<span class="end-tag">guid</span>&gt;</span><span>
<span id="line95"/>	</span><span>&lt;<span class="start-tag">category</span> <span class="attribute-name">remoteId</span>="<a class="attribute-value">0</a>" <span class="attribute-name">id</span>="<a class="attribute-value">105</a>"&gt;</span><span>Spor</span><span>&lt;/<span class="end-tag">category</span>&gt;</span><span>
<span id="line96"/>	</span><span>&lt;<span class="start-tag">files</span>&gt;</span><span>
<span id="line97"/>			</span><span>&lt;/<span class="end-tag">files</span>&gt;</span><span>
<span id="line98"/>	</span><span>&lt;<span class="start-tag">loadTime</span>&gt;</span><span>1042,969 ms</span><span>&lt;/<span class="end-tag">loadTime</span>&gt;</span><span>
<span id="line99"/></span><span>&lt;/<span class="end-tag">item</span>&gt;</span><span>
<span id="line100"/></span><span>&lt;<span class="start-tag">item</span> <span class="attribute-name">id</span>="<a class="attribute-value">3110463</a>" <span class="attribute-name">status</span>="<a class="attribute-value">1</a>" <span class="attribute-name">lang</span>="<a class="attribute-value">tr</a>" <span class="attribute-name">editorID</span>="<a class="attribute-value">97</a>" <span class="attribute-name">type</span>="<a class="attribute-value">1</a>" <span class="attribute-name">agencyID</span>="<a class="attribute-value">19</a>" <span class="attribute-name">agencyName</span>="<a class="attribute-value">HABER7.COM</a>" &gt;</span><span>
<span id="line101"/>	</span><span>&lt;<span class="start-tag">title</span> <span class="attribute-name">url</span>="<a class="attribute-value">mitsubishi-den-indirim-kanyasi</a>"&gt;</span><span/><span class="cdata">&lt;![CDATA[Mitsubishi'den indirim kampanyası]]&gt;</span><span/><span>&lt;/<span class="end-tag">title</span>&gt;</span><span>
<span id="line102"/>	</span><span>&lt;<span class="start-tag">description</span>&gt;</span><span/><span class="cdata">&lt;![CDATA[Mitsubishi; L200, ASX ve Attrage modelleri için Nisan ayına özel indirim kampanyası sunuyor.]]&gt;</span><span/><span>&lt;/<span class="end-tag">description</span>&gt;</span><span>
<span id="line103"/>	</span><span>&lt;<span class="start-tag">content:encoded</span>&gt;</span><span/><span class="cdata">&lt;![CDATA[&lt;p&gt;Mitsubishi, 2015 model L200 için 4.500 TL’ye varan indirim avantajı sunuyor. &lt;/p&gt;&lt;p&gt;Nisan ayı boyunca geçerli olan kampanyada, Mitsubishi ASX’lerde 5.100 TL, Mitsubishi Attrage’larda ise 3.400 TL’ye varan indirim fırsatları da bulunuyor.&lt;/p&gt;&lt;p&gt;&lt;strong&gt;MITSUBISHI L200&lt;/strong&gt;&lt;/p&gt;&lt;p&gt;SUV özelliklerine sahip yeni Mitsubishi L200, dünyada bir ilke imza atarak sunduğu dizel motorda MIVEC uygulamasıyla, yüzde 20’ye varan yakıt tasarrufu ve yüzde 17 daha az karbon salınımı vadediyor. Araçta ayrıca, Pajero’dan geliştirilen yeni 4 sürüş modlu 4x4 Super Select sistemi kullanılıyor.&lt;/p&gt;&lt;p&gt;&lt;/p&gt;&lt;p&gt;&lt;strong&gt;MITSUBISHI ASX 1.6 DİZEL&lt;/strong&gt;&lt;/p&gt;&lt;p&gt;Dizel motorlu Mitsubishi ASX de, yeni 1.6 DI-D motor, yakıt tasarrufu ve düşük emisyon salınımı vadeden diğer model. Auto Stop&amp;Go (AS&amp;G) fonksiyonu düşük yakıt tüketimi hedeflenirken, aerodinamik tasarımı ve hafif gövde yapısı ise enerji kaybını minimuma indirgenmesi amaçlanıyor.&lt;/p&gt;&lt;p&gt;&lt;/p&gt;&lt;p&gt;&lt;strong&gt;MITSUBISHI ATTRAGE&lt;/strong&gt;&lt;/p&gt;&lt;p&gt;1,2 Intense MT ve CVT modelleriyle Türkiye pazarına sunulan Mitsubishi Attrage, markanın yakıt tüketiminde iddialı olduğu bir başka model. Anahtarsız giriş sistemi ve çalıştırma, tam otomatik dijital klima, cruise control, bluetooth, yağmur ve far sensörü, ısıtmalı ve sinyalli yan aynalar, deri direksiyon ve vites topuzu, alüminyum alaşımlı jantlar gibi iç ve dış donanımları bulunan Attrage’da bu özelliklere ek olarak; EBD destekli ABS ve BA fren destek sistemi, ASTC aktif denge kontrolü ve kaymayı önleyici çekiş sistemi, 6 hava yastığı ayrıcalıkları da standart olarak sunuluyor. &lt;/p&gt;&lt;p&gt;B segmentinde yer alan Attrage, fabrika verilerine göre 100 kilometrede ortalama 4,9 litre yakıt tüketimi ve ortalama 113 g/km CO2 salınımı yapıyor. &lt;/p&gt;&lt;p&gt;&lt;/p&gt;]]&gt;</span><span/><span>&lt;/<span class="end-tag">content:encoded</span>&gt;</span><span>
<span id="line104"/>	</span><span>&lt;<span class="start-tag">tags</span>&gt;</span><span/><span class="cdata">&lt;![CDATA[Mitsubishiden,indirim,kampanyası]]&gt;</span><span/><span>&lt;/<span class="end-tag">tags</span>&gt;</span><span>	
<span id="line105"/>	</span><span>&lt;<span class="start-tag">image</span>&gt;</span><span>http://image.cdn.haber7.com//haber/haber7/photos/2016/16/mitsubishiden_indirim_kampanyasi_1461313523_6764.jpg</span><span>&lt;/<span class="end-tag">image</span>&gt;</span><span>
<span id="line106"/>	</span><span>&lt;<span class="start-tag">pubDate</span> <span class="attribute-name">update</span>="<a class="attribute-value">2016-04-22 11:01:51</a>"&gt;</span><span>2016-04-22 11:01:51</span><span>&lt;/<span class="end-tag">pubDate</span>&gt;</span><span>
<span id="line107"/>	</span><span>&lt;<span class="start-tag">guid</span>&gt;</span><span>http://m.haber7.com/haberDetay.php?id=1909599</span><span>&lt;/<span class="end-tag">guid</span>&gt;</span><span>
<span id="line108"/>	</span><span>&lt;<span class="start-tag">category</span> <span class="attribute-name">remoteId</span>="<a class="attribute-value">0</a>" <span class="attribute-name">id</span>="<a class="attribute-value">109</a>"&gt;</span><span>Otomobil</span><span>&lt;/<span class="end-tag">category</span>&gt;</span><span>
<span id="line109"/>	</span><span>&lt;<span class="start-tag">files</span>&gt;</span><span>
<span id="line110"/>			</span><span>&lt;/<span class="end-tag">files</span>&gt;</span><span>
<span id="line111"/>	</span><span>&lt;<span class="start-tag">loadTime</span>&gt;</span><span>1125 ms</span><span>&lt;/<span class="end-tag">loadTime</span>&gt;</span><span>
<span id="line112"/></span><span>&lt;/<span class="end-tag">item</span>&gt;</span><span>
<span id="line113"/></span><span>&lt;<span class="start-tag">item</span> <span class="attribute-name">id</span>="<a class="attribute-value">3110461</a>" <span class="attribute-name">status</span>="<a class="attribute-value">1</a>" <span class="attribute-name">lang</span>="<a class="attribute-value">tr</a>" <span class="attribute-name">editorID</span>="<a class="attribute-value">97</a>" <span class="attribute-name">type</span>="<a class="attribute-value">1</a>" <span class="attribute-name">agencyID</span>="<a class="attribute-value">19</a>" <span class="attribute-name">agencyName</span>="<a class="attribute-value">HABER7.COM</a>" &gt;</span><span>
<span id="line114"/>	</span><span>&lt;<span class="start-tag">title</span> <span class="attribute-name">url</span>="<a class="attribute-value">montlarini-cikarip-atese-verdiler</a>"&gt;</span><span/><span class="cdata">&lt;![CDATA[Montlarını çıkarıp ateşe verdiler...]]&gt;</span><span/><span>&lt;/<span class="end-tag">title</span>&gt;</span><span>
<span id="line115"/>	</span><span>&lt;<span class="start-tag">description</span>&gt;</span><span/><span class="cdata">&lt;![CDATA[Adana'da 2 kişinin, bir kadının çantasını çaldıktan sonra paraları paylaşıp çantayı yakması cep telefonu kamerasıyla görüntülendi.]]&gt;</span><span/><span>&lt;/<span class="end-tag">description</span>&gt;</span><span>
<span id="line116"/>	</span><span>&lt;<span class="start-tag">content:encoded</span>&gt;</span><span/><span class="cdata">&lt;![CDATA[&lt;p&gt;Edinilen bilgiye göre, olay Yüreğir ilçesine bağlı Seyhan Mahallesi’nde meydana geldi. İddiaya göre, 49 yaşındaki Suna Ballı’nın çantasını kapkaç yöntemiyle çalan Ahmet E. (20) ve E.T. (17) kaçtı.&lt;/p&gt;&lt;p&gt;Motosiklet ile kimsenin olmadığı bir yere gelen zanlılar çantanın içindeki 200 lira, kol saati ve cep telefonunu aldıktan sonra parmak izlerini kaybettirmek için önce çantayı yaktı. Zanlılar daha sonra da 200 lirayı paylaştı.&lt;/p&gt;&lt;p&gt;Zanlılar ayrıca polise yakalanmamak için kapkaç anında üzerlerinde bulunan montları çıkardı. Bu anlar ise cep telefonu kamerasıyla saniye saniye görüntülendi.&lt;/p&gt;&lt;p&gt;&lt;strong&gt;KAÇAN ZANLILAR POLİS TARAFINDAN YAKALANDI&lt;/strong&gt;&lt;/p&gt;&lt;p&gt;Polis ise olaydan sonra alarma geçerek zanlıları yakalamak için geniş çaplı araştırma başlattı. İzlerini kaybettirdiklerini düşünen 2 kapkaççının izini polis buldu. Zanlılar polisin ‘Dur’ ihtarına uymayarak kaçmaya başladı. Ekipler kısa süren kovalamanın ardından şüphelileri, Yeşilbağlar Mahallesi’nde bulunan domuz çiftliği yakınlarında yakaladı. Hırsızlık suçundan sabıkası bulunan 2 kapkaççı suçlamaları kabul etmedi.&lt;/p&gt;&lt;p&gt;İfadelerinin ardından adliyeye sevk edilen zanlılar çıkarıldığı mahkeme tarafından tutuklandı.&lt;/p&gt;]]&gt;</span><span/><span>&lt;/<span class="end-tag">content:encoded</span>&gt;</span><span>
<span id="line117"/>	</span><span>&lt;<span class="start-tag">tags</span>&gt;</span><span/><span class="cdata">&lt;![CDATA[Montnı,çıkarıp,ateşe,verdiler]]&gt;</span><span/><span>&lt;/<span class="end-tag">tags</span>&gt;</span><span>	
<span id="line118"/>	</span><span>&lt;<span class="start-tag">image</span>&gt;</span><span>http://image.cdn.haber7.com//haber/haber7/photos/2016/16/montlarini_cikarip_atese_verdiler_1461312546_814.jpg</span><span>&lt;/<span class="end-tag">image</span>&gt;</span><span>
<span id="line119"/>	</span><span>&lt;<span class="start-tag">pubDate</span> <span class="attribute-name">update</span>="<a class="attribute-value">2016-04-22 11:01:48</a>"&gt;</span><span>2016-04-22 11:01:48</span><span>&lt;/<span class="end-tag">pubDate</span>&gt;</span><span>
<span id="line120"/>	</span><span>&lt;<span class="start-tag">guid</span>&gt;</span><span>http://m.haber7.com/haberDetay.php?id=1909551</span><span>&lt;/<span class="end-tag">guid</span>&gt;</span><span>
<span id="line121"/>	</span><span>&lt;<span class="start-tag">category</span> <span class="attribute-name">remoteId</span>="<a class="attribute-value">0</a>" <span class="attribute-name">id</span>="<a class="attribute-value">111</a>"&gt;</span><span>Güncel</span><span>&lt;/<span class="end-tag">category</span>&gt;</span><span>
<span id="line122"/>	</span><span>&lt;<span class="start-tag">files</span>&gt;</span><span>
<span id="line123"/>			</span><span>&lt;/<span class="end-tag">files</span>&gt;</span><span>
<span id="line124"/>	</span><span>&lt;<span class="start-tag">loadTime</span>&gt;</span><span>1308,594 ms</span><span>&lt;/<span class="end-tag">loadTime</span>&gt;</span><span>
<span id="line125"/></span><span>&lt;/<span class="end-tag">item</span>&gt;</span><span>
<span id="line126"/>	</span><span>&lt;/<span class="end-tag">channel</span>&gt;</span><span>
<span id="line127"/></span><span>&lt;/<span class="end-tag">rss</span>&gt;</span><span>
<span id="line128"/></span></pre><menu type="context" id="actions"><menuitem id="goToLine" label="Satıra git…" accesskey="S"/><menuitem id="wrapLongLines" label="Uzun satırları böl" type="checkbox"/><menuitem id="highlightSyntax" label="Söz dizimi vurgusu" type="checkbox" checked="true"/></menu></body></html>